,pk,id,taken_at,media_type,width,height,url,lat,lng
0,2261173083740141303,2261173083740141303_30724713247,1583772858,1,750,750,https://instagram.fluh1-1.fna.fbcdn.net/v/t51.2885-15/e35/89051981_1413810428780784_4842476853468176975_n.jpg?tp=1&_nc_ht=instagram.fluh1-1.fna.fbcdn.net&_nc_cat=100&_nc_ohc=yVS3xYq865MAX-8NJjl&ccb=7-4&oh=a15ee07a9e8b58de042db6d4530b53d7&oe=608300C6&ig_cache_key=MjI2MTE3MzA4Mzc0MDE0MTMwMw%3D%3D.2-ccb7-4,,
1,2261171145627764596,2261171145627764596_30724713247,1583772627,1,840,941,https://instagram.fluh1-1.fna.fbcdn.net/v/t51.2885-15/e35/87486465_803363346835637_7694654702020970544_n.jpg?se=8&tp=1&_nc_ht=instagram.fluh1-1.fna.fbcdn.net&_nc_cat=105&_nc_ohc=nrKEVqk95-4AX-UKoo5&ccb=7-4&oh=b2669b8a2e1394b93b3416d7ce3fdd96&oe=60810B6F&ig_cache_key=MjI2MTE3MTE0NTYyNzc2NDU5Ng%3D%3D.2-ccb7-4,30.134345663325,77.295280561125
2,2256423057386303365,2256423057386303365_30724713247,1583206611,1,750,750,https://instagram.fluh1-1.fna.fbcdn.net/v/t51.2885-15/e35/88181624_482245715787675_5823644503629730387_n.jpg?tp=1&_nc_ht=instagram.fluh1-1.fna.fbcdn.net&_nc_cat=103&_nc_ohc=wh8wohRa3ScAX90T6FU&ccb=7-4&oh=84dcfc8eb50cd8e74f02267c5523e3b4&oe=607F4FF0&ig_cache_key=MjI1NjQyMzA1NzM4NjMwMzM2NQ%3D%3D.2-ccb7-4,30.1977285,77.3557977
3,2255022957212645000,2255022957212645000_30724713247,1583039706,1,739,739,https://instagram.fluh1-1.fna.fbcdn.net/v/t51.2885-15/e35/88300277_117878999797799_3971800320997109974_n.jpg?tp=1&_nc_ht=instagram.fluh1-1.fna.fbcdn.net&_nc_cat=111&_nc_ohc=O909IjYnORAAX_wMSAR&ccb=7-4&oh=9e23e983185958b9afa0192e4360fd98&oe=6080EFC2&ig_cache_key=MjI1NTAyMjk1NzIxMjY0NTAwMA%3D%3D.2-ccb7-4,30.124022606648,77.292011584615
4,2249930280590650657,2249930280590650657_30724713247,1582432612,1,937,1171,https://instagram.fluh1-1.fna.fbcdn.net/v/t51.2885-15/e35/87740525_221358855667192_1029351907390601448_n.jpg?se=8&tp=1&_nc_ht=instagram.fluh1-1.fna.fbcdn.net&_nc_cat=104&_nc_ohc=gzIMtdltOP0AX8YrV8r&ccb=7-4&oh=6e494367e2faa0f3ab74cbdd58e66af0&oe=607FDAC1&ig_cache_key=MjI0OTkzMDI4MDU5MDY1MDY1Nw%3D%3D.2-ccb7-4,29.837223,76.93372
5,2249926077940207284,2249926077940207284_30724713247,1582432111,1,937,1171,https://instagram.fluh1-1.fna.fbcdn.net/v/t51.2885-15/e35/85120289_1163261290732502_5647947404110672696_n.jpg?se=8&tp=1&_nc_ht=instagram.fluh1-1.fna.fbcdn.net&_nc_cat=102&_nc_ohc=aGzM1stj_kMAX-bTbkH&ccb=7-4&oh=570cc615056a1ff882857a89394c8dd6&oe=6080FACC&ig_cache_key=MjI0OTkyNjA3Nzk0MDIwNzI4NA%3D%3D.2-ccb7-4,30.133492375,77.293881125
6,2249922992928949034,2249922992928949034_30724713247,1582431743,1,750,750,https://instagram.fluh1-1.fna.fbcdn.net/v/t51.2885-15/e35/85259309_616532132457755_1818280854723561953_n.jpg?tp=1&_nc_ht=instagram.fluh1-1.fna.fbcdn.net&_nc_cat=111&_nc_ohc=MqUBoF4ZtXUAX-hKJvm&ccb=7-4&oh=aec74192b970b3488f1f775d13977ec5&oe=60801957&ig_cache_key=MjI0OTkyMjk5MjkyODk0OTAzNA%3D%3D.2-ccb7-4,29.83879,76.93204
7,2249491777943903875,2249491777943903875_30724713247,1582380338,1,805,865,https://instagram.fluh1-1.fna.fbcdn.net/v/t51.2885-15/e35/87216809_200475451319218_3110394759378237274_n.jpg?se=8&tp=1&_nc_ht=instagram.fluh1-1.fna.fbcdn.net&_nc_cat=110&_nc_ohc=E--4AMXe4-MAX8k0JV3&ccb=7-4&oh=87a16f8716a0be863fcac8c85010be46&oe=6081B255&ig_cache_key=MjI0OTQ5MTc3Nzk0MzkwMzg3NQ%3D%3D.2-ccb7-4,30.130989395,77.291961623
8,2249488123933432937,2249488123933432937_30724713247,1582379902,1,750,750,https://instagram.fluh1-1.fna.fbcdn.net/v/t51.2885-15/e35/85256852_557095651564899_3511641947589648921_n.jpg?tp=1&_nc_ht=instagram.fluh1-1.fna.fbcdn.net&_nc_cat=103&_nc_ohc=fo9zmwlcFAEAX_BQoww&ccb=7-4&oh=91e54d14c0ce927cbf3c1176a1fa6404&oe=6080D2DD&ig_cache_key=MjI0OTQ4ODEyMzkzMzQzMjkzNw%3D%3D.2-ccb7-4,30.133492375,77.293881125
